-- Sample data for development environment
-- Matches the production database schema structure

SET NAMES utf8mb4;

-- Sample accounts (matching account_ids referenced by user data)
INSERT INTO `account` (`id`, `email`, `password`, `salt`, `date_created`, `deleted`, `validated`, `validate_code`) VALUES
(104,   'player104@test.com',   'a1b2c3d4e5f6a1b2c3d4e5f6a1b2c3d4a1b2c3d4e5f6a1b2c3d4e5f6a1b2c3d4', 'salt1234567890123456789012345678', '2025-06-10 10:00:00', 0, 1, 'code1234567890123456789012345678'),
(1539,  'player1539@test.com',  'b2c3d4e5f6a1b2c3d4e5f6a1b2c3d4e5b2c3d4e5f6a1b2c3d4e5f6a1b2c3d4e5', 'salt2345678901234567890123456789', '2025-07-15 12:00:00', 0, 1, 'code2345678901234567890123456789'),
(4039,  'player4039@test.com',  'c3d4e5f6a1b2c3d4e5f6a1b2c3d4e5f6c3d4e5f6a1b2c3d4e5f6a1b2c3d4e5f6', 'salt3456789012345678901234567890', '2025-08-20 14:00:00', 0, 1, 'code3456789012345678901234567890'),
(5139,  'player5139@test.com',  'd4e5f6a1b2c3d4e5f6a1b2c3d4e5f6a1d4e5f6a1b2c3d4e5f6a1b2c3d4e5f6a1', 'salt4567890123456789012345678901', '2025-09-01 08:00:00', 0, 1, 'code4567890123456789012345678901'),
(19640, 'player19640@test.com', 'e5f6a1b2c3d4e5f6a1b2c3d4e5f6a1b2e5f6a1b2c3d4e5f6a1b2c3d4e5f6a1b2', 'salt5678901234567890123456789012', '2025-10-05 16:00:00', 0, 1, 'code5678901234567890123456789012'),
(24923, 'player24923@test.com', 'f6a1b2c3d4e5f6a1b2c3d4e5f6a1b2c3f6a1b2c3d4e5f6a1b2c3d4e5f6a1b2c3', 'salt6789012345678901234567890123', '2026-01-10 09:00:00', 0, 1, 'code6789012345678901234567890123'),
(24924, 'player24924@test.com', 'a1b2c3d4e5f6a1b2c3d4e5f6a1b2c3d4a1b2c3d4e5f6a1b2c3d4e5f6a1b2c3d4', 'salt7890123456789012345678901234', '2026-01-12 10:00:00', 0, 1, 'code7890123456789012345678901234'),
(24925, 'player24925@test.com', 'b2c3d4e5f6a1b2c3d4e5f6a1b2c3d4e5b2c3d4e5f6a1b2c3d4e5f6a1b2c3d4e5', 'salt8901234567890123456789012345', '2026-01-15 11:00:00', 0, 1, 'code8901234567890123456789012345'),
(24926, 'player24926@test.com', 'c3d4e5f6a1b2c3d4e5f6a1b2c3d4e5f6c3d4e5f6a1b2c3d4e5f6a1b2c3d4e5f6', 'salt9012345678901234567890123456', '2026-01-18 12:00:00', 0, 1, 'code9012345678901234567890123456'),
(24927, 'player24927@test.com', 'd4e5f6a1b2c3d4e5f6a1b2c3d4e5f6a1d4e5f6a1b2c3d4e5f6a1b2c3d4e5f6a1', 'salt0123456789012345678901234567', '2026-02-01 13:00:00', 0, 1, 'code0123456789012345678901234567'),
(24928, 'player24928@test.com', 'e5f6a1b2c3d4e5f6a1b2c3d4e5f6a1b2e5f6a1b2c3d4e5f6a1b2c3d4e5f6a1b2', 'salt1234567890abcdef1234567890ab', '2026-02-05 14:00:00', 0, 1, 'code1234567890abcdef1234567890ab'),
(24929, 'player24929@test.com', 'f6a1b2c3d4e5f6a1b2c3d4e5f6a1b2c3f6a1b2c3d4e5f6a1b2c3d4e5f6a1b2c3', 'saltabcdef1234567890abcdef123456', '2026-02-10 15:00:00', 0, 1, 'codeabcdef1234567890abcdef123456'),
(24930, 'player24930@test.com', 'a1b2c3d4e5f6a1b2c3d4e5f6a1b2c3d4a1b2c3d4e5f6a1b2c3d4e5f6a1b2c3d4', 'salt11111111111111111111111111ab', '2026-03-01 08:00:00', 0, 1, 'code11111111111111111111111111ab'),
(24931, 'player24931@test.com', 'b2c3d4e5f6a1b2c3d4e5f6a1b2c3d4e5b2c3d4e5f6a1b2c3d4e5f6a1b2c3d4e5', 'salt22222222222222222222222222ab', '2026-03-05 09:00:00', 0, 1, 'code22222222222222222222222222ab'),
(24932, 'player24932@test.com', 'c3d4e5f6a1b2c3d4e5f6a1b2c3d4e5f6c3d4e5f6a1b2c3d4e5f6a1b2c3d4e5f6', 'salt33333333333333333333333333ab', '2026-03-10 10:00:00', 0, 1, 'code33333333333333333333333333ab'),
(24933, 'player24933@test.com', 'd4e5f6a1b2c3d4e5f6a1b2c3d4e5f6a1d4e5f6a1b2c3d4e5f6a1b2c3d4e5f6a1', 'salt44444444444444444444444444ab', '2026-03-15 11:00:00', 0, 1, 'code44444444444444444444444444ab'),
(24934, 'player24934@test.com', 'e5f6a1b2c3d4e5f6a1b2c3d4e5f6a1b2e5f6a1b2c3d4e5f6a1b2c3d4e5f6a1b2', 'salt55555555555555555555555555ab', '2026-03-20 12:00:00', 0, 1, 'code55555555555555555555555555ab'),
(24935, 'player24935@test.com', 'f6a1b2c3d4e5f6a1b2c3d4e5f6a1b2c3f6a1b2c3d4e5f6a1b2c3d4e5f6a1b2c3', 'salt66666666666666666666666666ab', '2026-04-01 13:00:00', 0, 1, 'code66666666666666666666666666ab'),
(24936, 'player24936@test.com', 'a1b2c3d4e5f6a1b2c3d4e5f6a1b2c3d4a1b2c3d4e5f6a1b2c3d4e5f6a1b2c3d4', 'salt77777777777777777777777777ab', '2026-04-05 14:00:00', 0, 1, 'code77777777777777777777777777ab'),
(24937, 'player24937@test.com', 'b2c3d4e5f6a1b2c3d4e5f6a1b2c3d4e5b2c3d4e5f6a1b2c3d4e5f6a1b2c3d4e5', 'salt88888888888888888888888888ab', '2026-04-10 08:00:00', 0, 1, 'code88888888888888888888888888ab'),
(24938, 'player24938@test.com', 'c3d4e5f6a1b2c3d4e5f6a1b2c3d4e5f6c3d4e5f6a1b2c3d4e5f6a1b2c3d4e5f6', 'salt99999999999999999999999999ab', '2026-04-12 09:00:00', 0, 1, 'code99999999999999999999999999ab'),
(24939, 'player24939@test.com', 'd4e5f6a1b2c3d4e5f6a1b2c3d4e5f6a1d4e5f6a1b2c3d4e5f6a1b2c3d4e5f6a1', 'saltaaaaaaaaaaaaaaaaaaaaaaaaaabb', '2026-04-14 07:00:00', 0, 1, 'codeaaaaaaaaaaaaaaaaaaaaaaaaaabb');

-- Sample characters (matching production user table structure)
-- Columns: id, account_id, deleted, name, level, exp, genre_id, race_id, class_id, home_id,
--   description, gold, bank_gold, free_skillpoints, pets_saved, spouse, message_info,
--   pos_map, pos_x, pos_y, body_id, head_id, weapon_id, helmet_id, shield_id, heading,
--   min_hp, min_man, min_sta, min_ham, min_sed, killed_npcs, killed_users, invent_level,
--   is_naked, is_poisoned, is_incinerated, is_dead, is_sailing, is_paralyzed, is_silenced,
--   silence_minutes_left, silence_elapsed_seconds, is_mounted,
--   is_banned, banned_by, ban_reason, counter_pena, deaths,
--   ciudadanos_matados, criminales_matados, recibio_armadura_real, recibio_armadura_caos,
--   recompensas_real, recompensas_caos, faction_score, reenlistadas, fecha_ingreso,
--   nivel_ingreso, matados_ingreso, status, guild_index, guild_aspirant_index,
--   guild_rejected_because, chat_global, chat_combate, warnings, elo, return_map,
--   return_x, return_y, last_logout, is_locked_in_mao, is_logged, puntos_pesca,
--   delete_code, user_key, is_reset, is_published, price_in_mao, max_hp,
--   jinete_level, backpack_id, transfer_code, transfer_target, alias

INSERT INTO `user` (`id`, `account_id`, `deleted`, `name`, `level`, `exp`, `genre_id`, `race_id`, `class_id`,
  `home_id`, `gold`, `bank_gold`, `free_skillpoints`, `pets_saved`, `spouse`,
  `pos_map`, `pos_x`, `pos_y`, `body_id`, `head_id`, `weapon_id`, `helmet_id`, `shield_id`, `heading`,
  `min_hp`, `min_man`, `min_sta`, `min_ham`, `min_sed`, `killed_npcs`, `killed_users`, `invent_level`,
  `is_naked`, `is_poisoned`, `is_incinerated`, `is_dead`, `is_sailing`, `is_paralyzed`, `is_silenced`,
  `is_mounted`, `counter_pena`, `deaths`,
  `ciudadanos_matados`, `criminales_matados`, `recibio_armadura_real`, `recibio_armadura_caos`,
  `reenlistadas`, `fecha_ingreso`, `warnings`, `elo`, `return_map`,
  `return_x`, `return_y`, `last_logout`, `is_logged`, `is_reset`, `max_hp`,
  `jinete_level`, `backpack_id`) VALUES
-- Regular players (varied classes, races, levels)
(2,  1, 0, 'MagoElfico',       25, 12000, 1, 2, 1,  1, 500,  2000, 0, 0, 0, 1, 50, 50, 1, 10, 0, 0, 0, 1, 180, 300, 100, 50, 50, 45, 17, 1, 0, 0, 0, 0, 0, 0, 0, 0, 0, 3,  5,  12, 0, 0, 0, '2024-01-15 10:30:00', 0, 1000, 1, 50, 50, 0, 0, 0, 350, 0, 0),
(3,  1, 0, 'GuerreroHumano',   35, 35000, 1, 1, 3,  1, 1200, 5000, 0, 0, 0, 1, 50, 50, 1, 15, 5, 3, 2, 1, 350, 100, 100, 50, 50, 80, 23, 1, 0, 0, 0, 0, 0, 0, 0, 0, 0, 5,  15, 8,  0, 0, 0, '2024-01-16 12:00:00', 0, 1200, 1, 50, 50, 0, 0, 0, 500, 0, 0),
(4,  2, 0, 'ClerigoEnano',     28, 18000, 1, 5, 2,  1, 800,  3000, 0, 0, 0, 1, 50, 50, 1, 12, 0, 0, 0, 1, 250, 400, 100, 50, 50, 30, 5,  1, 0, 0, 0, 0, 0, 0, 0, 0, 0, 2,  2,  3,  0, 0, 0, '2024-01-20 14:22:00', 0, 1050, 1, 50, 50, 0, 0, 0, 380, 0, 0),
(5,  2, 0, 'AsesinoOscuro',    42, 80000, 1, 3, 4,  1, 3000, 8000, 0, 0, 0, 1, 50, 50, 1, 20, 8, 5, 3, 1, 300, 150, 100, 50, 50, 120, 55, 1, 0, 0, 0, 0, 0, 0, 0, 0, 0, 8,  25, 30, 0, 0, 0, '2024-01-22 08:00:00', 0, 1500, 1, 50, 50, 0, 0, 0, 420, 0, 0),
(6,  3, 0, 'BardoGnomo',       18, 5000,  2, 4, 5,  1, 200,  500,  0, 0, 0, 1, 50, 50, 1, 8,  0, 0, 0, 1, 150, 200, 100, 50, 50, 10, 1,  1, 0, 0, 0, 0, 0, 0, 0, 0, 0, 1,  1,  0,  0, 0, 0, '2024-02-01 09:15:00', 0, 900,  1, 50, 50, 0, 0, 0, 250, 0, 0),
(7,  3, 0, 'DruidaElfo',       31, 28000, 2, 2, 6,  1, 900,  4000, 0, 0, 0, 1, 50, 50, 1, 14, 0, 0, 0, 1, 220, 350, 100, 50, 50, 50, 13, 1, 0, 0, 0, 0, 0, 0, 0, 0, 0, 4,  8,  5,  0, 0, 0, '2024-02-02 10:00:00', 0, 1100, 1, 50, 50, 0, 0, 0, 360, 0, 0),
(8,  4, 0, 'PaladinHumano',    38, 55000, 1, 1, 7,  1, 1500, 6000, 0, 0, 0, 1, 50, 50, 1, 18, 6, 4, 3, 1, 380, 200, 100, 50, 50, 90, 14, 1, 0, 0, 0, 0, 0, 0, 0, 0, 0, 3,  12, 2,  0, 0, 0, '2024-02-10 16:45:00', 0, 1300, 1, 50, 50, 0, 0, 0, 520, 0, 0),
(9,  4, 0, 'CazadorOrco',      22, 9000,  1, 6, 8,  1, 400,  1500, 0, 0, 0, 1, 50, 50, 1, 11, 4, 0, 0, 1, 200, 100, 100, 50, 50, 35, 33, 1, 0, 0, 0, 0, 0, 0, 0, 0, 0, 6,  18, 15, 0, 0, 0, '2024-02-12 11:00:00', 0, 1000, 1, 50, 50, 0, 0, 0, 300, 0, 0),
(10, 5, 0, 'TrabajadorHumano', 15, 3000,  1, 1, 9,  1, 100,  200,  0, 0, 0, 1, 50, 50, 1, 6,  0, 0, 0, 1, 120, 50,  100, 50, 50, 5,  4,  1, 0, 0, 0, 0, 0, 0, 0, 0, 0, 0,  3,  1,  0, 0, 0, '2024-02-15 11:20:00', 0, 800,  1, 50, 50, 0, 0, 0, 200, 0, 0),
(11, 5, 0, 'BandidoOrco',      33, 32000, 1, 6, 12, 1, 2000, 7000, 0, 0, 0, 1, 50, 50, 1, 16, 7, 4, 2, 1, 280, 80,  100, 50, 50, 70, 50, 1, 0, 0, 0, 0, 0, 0, 0, 0, 0, 10, 22, 28, 0, 0, 0, '2024-02-16 14:00:00', 0, 1400, 1, 50, 50, 0, 0, 0, 400, 0, 0),
-- More characters for better statistics
(12, 1, 0, 'MagoHumano2',      20, 7500,  1, 1, 1,  1, 300,  1000, 0, 0, 0, 1, 50, 50, 1, 9,  0, 0, 0, 1, 160, 280, 100, 50, 50, 25, 10, 1, 0, 0, 0, 0, 0, 0, 0, 0, 0, 2,  3,  7,  0, 0, 0, '2024-03-01 08:00:00', 0, 950,  1, 50, 50, 0, 0, 0, 280, 0, 0),
(13, 2, 0, 'GuerreroOrco2',    45, 95000, 1, 6, 3,  1, 5000, 15000,0, 0, 0, 1, 50, 50, 1, 22, 9, 6, 4, 1, 420, 80,  100, 50, 50, 150, 55, 1, 0, 0, 0, 0, 0, 0, 0, 0, 0, 7,  35, 20, 0, 0, 0, '2024-03-05 10:00:00', 0, 1600, 1, 50, 50, 0, 0, 0, 580, 0, 0),
(14, 3, 0, 'ClerigoElfo2',     30, 25000, 2, 2, 2,  1, 700,  3500, 0, 0, 0, 1, 50, 50, 1, 13, 0, 0, 0, 1, 240, 380, 100, 50, 50, 40, 9,  1, 0, 0, 0, 0, 0, 0, 0, 0, 0, 3,  5,  4,  0, 0, 0, '2024-03-10 12:00:00', 0, 1080, 1, 50, 50, 0, 0, 0, 370, 0, 0),
(15, 4, 0, 'AsesinoHumano2',   40, 70000, 1, 1, 4,  1, 2500, 9000, 0, 0, 0, 1, 50, 50, 1, 19, 8, 5, 3, 1, 310, 140, 100, 50, 50, 110, 63, 1, 0, 0, 0, 0, 0, 0, 0, 0, 0, 9,  28, 35, 0, 0, 0, '2024-03-12 09:00:00', 0, 1450, 1, 50, 50, 0, 0, 0, 430, 0, 0),
(16, 5, 0, 'BardoElfo2',       25, 12500, 2, 2, 5,  1, 350,  1200, 0, 0, 0, 1, 50, 50, 1, 10, 0, 0, 0, 1, 170, 220, 100, 50, 50, 20, 3,  1, 0, 0, 0, 0, 0, 0, 0, 0, 0, 1,  2,  1,  0, 0, 0, '2024-03-15 14:00:00', 0, 980,  1, 50, 50, 0, 0, 0, 270, 0, 0),
(17, 1, 0, 'DruidaEnano2',     27, 16000, 1, 5, 6,  1, 600,  2500, 0, 0, 0, 1, 50, 50, 1, 12, 0, 0, 0, 1, 210, 320, 100, 50, 50, 38, 9,  1, 0, 0, 0, 0, 0, 0, 0, 0, 0, 3,  6,  3,  0, 0, 0, '2024-03-18 11:00:00', 0, 1060, 1, 50, 50, 0, 0, 0, 340, 0, 0),
(18, 2, 0, 'PaladinElfo2',     35, 45000, 1, 2, 7,  1, 1300, 5500, 0, 0, 0, 1, 50, 50, 1, 17, 6, 4, 3, 1, 360, 180, 100, 50, 50, 75, 23, 1, 0, 0, 0, 0, 0, 0, 0, 0, 0, 4,  15, 8,  0, 0, 0, '2024-03-20 16:00:00', 0, 1250, 1, 50, 50, 0, 0, 0, 490, 0, 0),
(19, 3, 0, 'CazadorHumano2',   29, 20000, 1, 1, 8,  1, 550,  2800, 0, 0, 0, 1, 50, 50, 1, 13, 5, 0, 0, 1, 230, 110, 100, 50, 50, 55, 30, 1, 0, 0, 0, 0, 0, 0, 0, 0, 0, 5,  12, 18, 0, 0, 0, '2024-03-22 08:00:00', 0, 1120, 1, 50, 50, 0, 0, 0, 350, 0, 0),
(20, 4, 0, 'TrabajadorGnomo2', 16, 3500,  2, 4, 9,  1, 150,  300,  0, 0, 0, 1, 50, 50, 1, 7,  0, 0, 0, 1, 130, 60,  100, 50, 50, 8,  2,  1, 0, 0, 0, 0, 0, 0, 0, 0, 0, 0,  2,  0,  0, 0, 0, '2024-04-01 10:00:00', 0, 850,  1, 50, 50, 0, 0, 0, 210, 0, 0),
(21, 5, 0, 'BandidoHumano2',   37, 50000, 1, 1, 12, 1, 2200, 8000, 0, 0, 0, 1, 50, 50, 1, 17, 7, 5, 3, 1, 290, 90,  100, 50, 50, 85, 55, 1, 0, 0, 0, 0, 0, 0, 0, 0, 0, 8,  30, 25, 0, 0, 0, '2024-04-05 13:00:00', 0, 1380, 1, 50, 50, 0, 0, 0, 410, 0, 0),
-- Deleted characters (for testing deleted filter)
(22, 1, 1, 'DeletedChar1',     20, 7000,  1, 1, 1,  1, 100,  500,  0, 0, 0, 1, 50, 50, 1, 9,  0, 0, 0, 1, 160, 250, 100, 50, 50, 15, 8,  1, 0, 0, 0, 0, 0, 0, 0, 0, 0, 2,  5,  3,  0, 0, 0, '2024-04-10 09:00:00', 0, 900,  1, 50, 50, 0, 0, 0, 260, 0, 0),
(23, 2, 1, 'DeletedChar2',     25, 13000, 1, 2, 3,  1, 400,  1500, 0, 0, 0, 1, 50, 50, 1, 11, 4, 2, 1, 1, 200, 90,  100, 50, 50, 30, 18, 1, 0, 0, 0, 0, 0, 0, 0, 0, 0, 4,  10, 8,  0, 0, 0, '2024-04-12 15:00:00', 0, 1000, 1, 50, 50, 0, 0, 0, 310, 0, 0);

-- Real production user data (from ao20 prod clone)
INSERT INTO `user` (`id`, `account_id`, `deleted`, `name`, `level`, `exp`, `genre_id`, `race_id`, `class_id`, `home_id`, `description`, `gold`, `bank_gold`, `free_skillpoints`, `pets_saved`, `spouse`, `message_info`, `pos_map`, `pos_x`, `pos_y`, `body_id`, `head_id`, `weapon_id`, `helmet_id`, `shield_id`, `heading`, `min_hp`, `min_man`, `min_sta`, `min_ham`, `min_sed`, `killed_npcs`, `killed_users`, `invent_level`, `is_naked`, `is_poisoned`, `is_incinerated`, `is_dead`, `is_sailing`, `is_paralyzed`, `is_silenced`, `silence_minutes_left`, `silence_elapsed_seconds`, `is_mounted`, `is_banned`, `banned_by`, `ban_reason`, `counter_pena`, `deaths`, `ciudadanos_matados`, `criminales_matados`, `recibio_armadura_real`, `recibio_armadura_caos`, `recompensas_real`, `recompensas_caos`, `faction_score`, `reenlistadas`, `fecha_ingreso`, `nivel_ingreso`, `matados_ingreso`, `status`, `guild_index`, `guild_aspirant_index`, `guild_rejected_because`, `chat_global`, `chat_combate`, `warnings`, `elo`, `return_map`, `return_x`, `return_y`, `last_logout`, `is_locked_in_mao`, `is_logged`, `puntos_pesca`, `delete_code`, `user_key`, `is_reset`, `is_published`, `price_in_mao`, `max_hp`, `jinete_level`, `backpack_id`, `transfer_code`, `transfer_target`, `alias`) VALUES
(29125, 24939, 0, 'TonyTormenta', 1, 119, 1, 1, 1, 7, '', 4, 0, 10, 0, 0, '', 168, 39, 45, 103, 4, 51, 47, 2, 4, 20, 20, 60, 80, 80, 7, 0, 0, 0, 0, 0, 0, 0, 0, 0, 0, 0, 0, 0, '', '', 0, 2, 0, 0, 0, 0, 0, 0, 0, 0, '2026-04-14 08:08:04', 0, 0, 1, 0, NULL, NULL, 1, 1, 0, 1000, 0, 0, 0, 0, 0, 0, 0, '', '', 0, 0, 0, 20, 0, 2, '', '', ''),
(29124, 24938, 0, 'Brunne', 1, 73, 1, 3, 4, 7, '', 2, 0, 10, 0, 0, '', 517, 54, 68, 3001, 218, 2, 2, 2, 1, 19, 24, 0, 100, 60, 3, 0, 0, 1, 0, 0, 0, 0, 0, 0, 0, 0, 0, 0, '', '', 0, 4, 0, 0, 0, 0, 0, 0, 0, 0, '2026-04-14 07:48:53', 0, 0, 1, 0, NULL, NULL, 1, 1, 0, 1000, 0, 0, 0, 0, 0, 0, 0, '', '', 0, 0, 0, 19, 0, 2, '', '', ''),
(29123, 24937, 0, 'Lewwiss', 1, 374, 1, 2, 1, 7, '', 39, 0, 10, 0, 0, '', 168, 39, 63, 103, 101, 51, 47, 2, 1, 19, 52, 18, 60, 70, 16, 0, 0, 0, 0, 0, 0, 0, 0, 0, 0, 0, 0, 0, '', '', 0, 4, 0, 0, 0, 0, 0, 0, 0, 0, '2026-04-14 07:48:02', 0, 0, 1, 0, NULL, NULL, 1, 1, 0, 1000, 0, 0, 0, 0, 0, 0, 0, '', '', 0, 0, 0, 19, 0, 2, '', '', ''),
(29122, 24936, 0, 'Dum', 1, 15, 1, 5, 9, 7, '', 800, 0, 10, 0, 0, '', 34, 31, 76, 513, 312, 149, 25, 16, 4, 21, 0, 46, 90, 90, 0, 0, 0, 0, 0, 0, 0, 0, 0, 0, 0, 0, 0, 0, '', '', 0, 0, 0, 0, 0, 0, 0, 0, 0, 0, '2026-04-14 07:28:41', 0, 0, 1, 0, NULL, NULL, 1, 1, 0, 1000, 0, 0, 0, 0, 0, 0, 0, '', '', 0, 0, 0, 21, 0, 0, '', '', ''),
(29121, 24935, 0, 'cSmk', 1, 204, 1, 2, 8, 7, '', 19, 0, 10, 0, 0, '', 168, 22, 87, 107, 120, 7, 2, 2, 3, 19, 0, 60, 80, 70, 6, 0, 0, 0, 0, 0, 0, 0, 0, 0, 0, 0, 0, 0, '', '', 0, 1, 0, 0, 0, 0, 0, 0, 0, 0, '2026-04-14 07:24:04', 0, 0, 1, 0, NULL, NULL, 1, 1, 0, 1000, 0, 0, 0, 0, 0, 0, 0, '', '', 0, 0, 0, 19, 0, 2, '', '', ''),
(29120, 24934, 0, 'DarVeider', 1, 36, 2, 1, 1, 7, '', 0, 0, 10, 0, 0, '', 517, 62, 81, 829, 64, 2, 2, 2, 4, 0, 96, 0, 50, 30, 0, 0, 0, 1, 0, 0, 1, 0, 0, 0, 0, 0, 0, 0, '', '', 0, 4, 0, 0, 0, 0, 0, 0, 0, 0, '2026-04-14 06:00:35', 0, 0, 1, 0, NULL, NULL, 1, 0, 0, 1000, 0, 0, 0, 0, 0, 0, 0, '', '', 0, 0, 0, 20, 0, 2, '', '', ''),
(29119, 104, 0, 'Aeren', 1, 0, 1, 5, 9, 7, '', 0, 0, 10, 0, 0, '', 517, 48, 68, 513, 301, 186, 25, 16, 3, 21, 0, 60, 100, 100, 0, 0, 0, 0, 0, 0, 0, 0, 0, 0, 0, 0, 0, 0, '', '', 0, 0, 0, 0, 0, 0, 0, 0, 0, 0, '2026-04-14 05:27:08', 0, 0, 1, 0, NULL, NULL, 1, 1, 0, 1000, 0, 0, 0, 0, 0, 0, 0, '', '', 0, 0, 0, 21, 0, 0, '', '', ''),
(29118, 104, 0, 'Alhenil', 1, 0, 1, 1, 7, 7, '', 0, 0, 10, 0, 0, '', 517, 48, 64, 107, 11, 186, 25, 16, 3, 20, 45, 60, 100, 100, 0, 0, 0, 0, 0, 0, 0, 0, 0, 0, 0, 0, 0, 0, '', '', 0, 0, 0, 0, 0, 0, 0, 0, 0, 0, '2026-04-14 05:26:14', 0, 0, 1, 0, NULL, NULL, 1, 1, 0, 1000, 0, 0, 0, 0, 0, 0, 0, '', '', 0, 0, 0, 20, 0, 0, '', '', ''),
(29116, 24933, 0, 'Fritz', 1, 5, 1, 2, 4, 7, '', 0, 0, 10, 0, 0, '', 508, 47, 89, 829, 114, 2, 2, 2, 2, 0, 50, 0, 100, 90, 0, 0, 0, 1, 0, 0, 1, 0, 0, 0, 0, 0, 0, 0, '', '', 0, 1, 0, 0, 0, 0, 0, 0, 0, 0, '2026-04-14 05:13:20', 0, 0, 1, 0, NULL, NULL, 1, 1, 0, 1000, 0, 0, 0, 0, 0, 0, 0, '', '', 0, 0, 0, 19, 0, 2, '', '', ''),
(29115, 24932, 0, 'Russoo', 1, 42, 1, 3, 4, 7, '', 1, 0, 10, 0, 0, '', 517, 69, 31, 1513, 226, 186, 25, 16, 3, 19, 5, 60, 50, 40, 1, 0, 0, 0, 0, 0, 0, 0, 0, 0, 0, 0, 0, 0, '', '', 0, 2, 0, 0, 0, 0, 0, 0, 0, 0, '2026-04-14 05:13:16', 0, 0, 1, 0, NULL, NULL, 1, 1, 0, 1000, 0, 0, 0, 0, 0, 0, 0, '', '', 0, 0, 0, 19, 0, 2, '', '', ''),
(29114, 24931, 0, 'petu', 1, 0, 1, 3, 1, 7, '', 0, 0, 10, 0, 0, '', 517, 46, 71, 829, 223, 2, 2, 2, 4, 0, 158, 0, 100, 100, 0, 0, 0, 1, 0, 0, 1, 0, 0, 0, 0, 0, 0, 0, '', '', 0, 1, 0, 0, 0, 0, 0, 0, 0, 0, '2026-04-14 04:47:23', 0, 0, 1, 0, NULL, NULL, 1, 1, 0, 1000, 0, 0, 0, 0, 0, 0, 0, '', '', 0, 0, 0, 19, 0, 0, '', '', ''),
(29113, 5139, 0, 'Dragan', 9, 135, 1, 6, 3, 7, '', 1325, 0, 50, 0, 0, '', 517, 41, 66, 1339, 512, 116, 25, 30, 4, 99, 0, 180, 90, 90, 273, 0, 0, 0, 0, 0, 0, 0, 0, 0, 0, 0, 0, 0, '', '', 0, 0, 0, 0, 0, 0, 0, 0, 0, 0, '2026-04-14 03:23:49', 0, 0, 1, 0, NULL, NULL, 1, 1, 0, 1000, 0, 0, 0, 0, 0, 0, 0, '', '', 0, 0, 0, 99, 0, 0, '', '', ''),
(29112, 19640, 0, 'Zayid', 5, 330, 1, 3, 4, 7, '', 601, 0, 30, 0, 0, '', 517, 43, 64, 1795, 227, 116, 25, 99, 4, 47, 124, 120, 70, 80, 147, 0, 0, 0, 0, 0, 0, 0, 0, 0, 0, 0, 0, 0, '', '', 0, 0, 0, 0, 0, 0, 0, 0, 0, 0, '2026-04-14 03:18:33', 0, 0, 1, 0, NULL, NULL, 1, 1, 0, 1000, 0, 0, 0, 0, 0, 0, 0, '', '', 0, 0, 0, 50, 0, 0, '', '', ''),
(29111, 5139, 0, 'Revolte', 2, 39, 1, 6, 3, 7, '', 0, 0, 15, 0, 0, '', 153, 73, 49, 3005, 526, 2, 2, 2, 2, 28, 0, 74, 90, 90, 15, 0, 0, 1, 0, 0, 0, 0, 0, 0, 0, 0, 0, 0, '', '', 0, 0, 0, 0, 0, 0, 0, 0, 0, 0, '2026-04-14 03:12:52', 0, 0, 1, 0, NULL, NULL, 1, 1, 0, 1000, 0, 0, 0, 0, 0, 0, 0, '', '', 0, 0, 0, 28, 0, 0, '', '', ''),
(29110, 1539, 0, 'awewe', 1, 0, 1, 1, 1, 7, '', 0, 0, 10, 0, 0, '', 517, 48, 64, 103, 33, 0, 0, 0, 3, 20, 150, 56, 100, 100, 0, 0, 0, 0, 0, 0, 0, 0, 0, 0, 0, 0, 0, 0, '', '', 0, 0, 0, 0, 0, 0, 0, 0, 0, 0, '2026-04-14 03:10:54', 0, 0, 1, 0, NULL, NULL, 1, 1, 0, 1000, 0, 0, 0, 0, 0, 0, 0, '', '', 0, 0, 0, 20, 0, 0, '', '', ''),
(29109, 24930, 0, 'helvetic', 1, 0, 1, 2, 4, 7, '', 0, 0, 10, 0, 0, '', 517, 42, 82, 107, 118, 0, 0, 0, 4, 19, 50, 60, 100, 100, 0, 0, 0, 0, 0, 0, 0, 0, 0, 0, 0, 0, 0, 0, '', '', 0, 0, 0, 0, 0, 0, 0, 0, 0, 0, '2026-04-14 03:02:52', 0, 0, 1, 0, NULL, NULL, 1, 1, 0, 1000, 0, 0, 0, 0, 0, 0, 0, '', '', 0, 0, 0, 19, 0, 0, '', '', ''),
(29108, 5139, 0, 'Agnar', 4, 151, 1, 6, 3, 7, '', 361, 0, 25, 0, 0, '', 153, 72, 49, 1339, 520, 116, 25, 30, 3, 51, 0, 105, 100, 100, 49, 0, 0, 0, 0, 0, 0, 0, 0, 0, 0, 0, 0, 0, '', '', 0, 0, 0, 0, 0, 0, 0, 0, 0, 0, '2026-04-14 02:59:25', 0, 0, 1, 0, NULL, NULL, 1, 1, 0, 1000, 0, 0, 0, 0, 0, 0, 0, '', '', 0, 0, 0, 51, 0, 0, '', '', ''),
(29107, 4039, 0, 'Kitasan Black', 5, 535, 2, 2, 1, 7, '', 1797, 0, 30, 0, 0, '', 517, 58, 59, 2009, 159, 51, 47, 0, 4, 46, 246, 120, 90, 80, 185, 0, 0, 0, 0, 0, 0, 0, 0, 0, 0, 0, 0, 0, '', '', 0, 1, 0, 0, 0, 0, 0, 0, 0, 0, '2026-04-14 02:55:24', 0, 0, 1, 0, NULL, NULL, 1, 1, 0, 1000, 0, 0, 0, 0, 0, 0, 0, '', '', 0, 0, 0, 46, 0, 2, '', '', ''),
(29106, 24929, 0, 'JPROBERTO', 1, 0, 1, 1, 4, 7, '', 0, 0, 10, 0, 0, '', 517, 47, 66, 107, 2, 0, 0, 0, 2, 20, 45, 60, 100, 100, 0, 0, 0, 0, 0, 0, 0, 0, 0, 0, 0, 0, 0, 0, '', '', 0, 0, 0, 0, 0, 0, 0, 0, 0, 0, '2026-04-14 02:45:38', 0, 0, 1, 0, NULL, NULL, 1, 1, 0, 1000, 0, 0, 0, 0, 0, 0, 0, '', '', 0, 0, 0, 20, 0, 0, '', '', ''),
(29105, 24928, 0, 'KunmA', 1, 173, 1, 5, 7, 7, '', 5, 0, 10, 0, 0, '', 517, 47, 66, 829, 313, 2, 2, 2, 3, 0, 38, 0, 50, 40, 10, 0, 0, 1, 0, 0, 1, 0, 0, 0, 0, 0, 0, 0, '', '', 0, 3, 0, 0, 0, 0, 0, 0, 0, 0, '2026-04-14 01:56:55', 0, 0, 1, 0, NULL, NULL, 1, 1, 0, 1000, 0, 0, 0, 0, 0, 0, 0, '', '', 0, 0, 0, 21, 0, 2, '', '', ''),
(29104, 24927, 0, 'HozneroL', 1, 172, 1, 1, 2, 7, '', 4, 0, 10, 0, 0, '', 517, 48, 73, 107, 4, 186, 25, 16, 3, 20, 10, 60, 60, 60, 8, 0, 0, 0, 0, 0, 0, 0, 0, 0, 0, 0, 0, 0, '', '', 0, 1, 0, 0, 0, 0, 0, 0, 0, 0, '2026-04-14 01:36:56', 0, 0, 1, 0, NULL, NULL, 1, 1, 0, 1000, 0, 0, 0, 0, 0, 0, 0, '', '', 0, 0, 0, 20, 0, 2, '', '', ''),
(29103, 24925, 0, 'Loquitox', 1, 114, 1, 2, 2, 7, '', 8, 0, 10, 0, 0, '', 506, 52, 75, 107, 117, 186, 25, 16, 4, 19, 10, 60, 80, 70, 1, 0, 0, 0, 0, 0, 0, 0, 0, 0, 0, 0, 0, 0, '', '', 0, 2, 0, 0, 0, 0, 0, 0, 0, 0, '2026-04-14 01:13:22', 0, 0, 1, 0, NULL, NULL, 1, 1, 0, 1000, 0, 0, 0, 0, 0, 0, 0, '', '', 0, 0, 0, 19, 0, 2, '', '', ''),
(29102, 24926, 0, 'micho tito', 1, 0, 1, 1, 1, 7, '', 0, 0, 10, 0, 0, '', 526, 44, 38, 829, 19, 2, 2, 2, 2, 0, 150, 0, 50, 40, 0, 0, 0, 1, 0, 0, 1, 0, 0, 0, 0, 0, 0, 0, '', '', 0, 1, 0, 0, 0, 0, 0, 0, 0, 0, '2026-04-14 01:11:21', 0, 0, 1, 0, NULL, NULL, 0, 1, 0, 1000, 0, 0, 0, 0, 0, 0, 0, '', '', 0, 0, 0, 20, 0, 2, '', '', ''),
(29101, 24924, 0, 'Lechuguita', 1, 0, 1, 3, 4, 7, '', 0, 0, 10, 0, 0, '', 517, 59, 60, 1513, 225, 0, 0, 0, 2, 19, 48, 60, 100, 100, 0, 0, 0, 0, 0, 0, 0, 0, 0, 0, 0, 0, 0, 0, '', '', 0, 0, 0, 0, 0, 0, 0, 0, 0, 0, '2026-04-14 00:57:31', 0, 0, 1, 0, NULL, NULL, 1, 1, 0, 1000, 0, 0, 0, 0, 0, 0, 0, '', '', 0, 0, 0, 19, 0, 0, '', '', ''),
(29100, 24923, 0, 'Harly', 1, 0, 1, 1, 1, 7, '', 0, 0, 10, 0, 0, '', 517, 45, 66, 103, 22, 0, 0, 0, 2, 20, 150, 60, 80, 80, 0, 0, 0, 0, 0, 0, 0, 0, 0, 0, 0, 0, 0, 0, '', '', 0, 0, 0, 0, 0, 0, 0, 0, 0, 0, '2026-04-14 00:49:21', 0, 0, 1, 0, NULL, NULL, 0, 0, 0, 1000, 0, 0, 0, 0, 0, 0, 0, '', '', 0, 0, 0, 20, 0, 0, '', '', '');

-- Sample online statistics (hourly data)
INSERT INTO `statistics_users_online` (`date`, `number`) VALUES
('2024-10-07 00:00:00', 5),
('2024-10-07 01:00:00', 3),
('2024-10-07 02:00:00', 2),
('2024-10-07 03:00:00', 1),
('2024-10-07 04:00:00', 1),
('2024-10-07 05:00:00', 2),
('2024-10-07 06:00:00', 4),
('2024-10-07 07:00:00', 8),
('2024-10-07 08:00:00', 12),
('2024-10-07 09:00:00', 15),
('2024-10-07 10:00:00', 18),
('2024-10-07 11:00:00', 22),
('2024-10-07 12:00:00', 25),
('2024-10-07 13:00:00', 28),
('2024-10-07 14:00:00', 30),
('2024-10-07 15:00:00', 32),
('2024-10-07 16:00:00', 35),
('2024-10-07 17:00:00', 38),
('2024-10-07 18:00:00', 42),
('2024-10-07 19:00:00', 45),
('2024-10-07 20:00:00', 48),
('2024-10-07 21:00:00', 45),
('2024-10-07 22:00:00', 38),
('2024-10-07 23:00:00', 28),
('2024-10-08 00:00:00', 18),
('2024-10-08 01:00:00', 12),
('2024-10-08 02:00:00', 8),
('2024-10-08 03:00:00', 5),
('2024-10-08 04:00:00', 3),
('2024-10-08 05:00:00', 4),
('2024-10-08 06:00:00', 7),
('2024-10-08 07:00:00', 11),
('2024-10-08 08:00:00', 16),
('2024-10-08 09:00:00', 21),
('2024-10-08 10:00:00', 26);
